<?xml version="1.0"?> 
<review id="57" category="2"> 
    <title>Moulin Rouge</title> 
    <teaser> Baz Luhrmann's over-the-top vision of Paris at the turn of the century is witty, sexy...and completely unforgettable </teaser> 
    <cast> 
        <person>Nicole Kidman</person> 
        <person>Ewan McGregor</person> 
        <person>John Leguizamo</person> 
        <person>Jim Broadbent</person> 
        <person>Richard Roxburgh</person> 
    </cast> 
    <director>Baz Luhrmann</director> 
    <duration>120</duration> 
    <genre>Romance/Comedy</genre> 
    <year>2001</year> 
    <body> A stylishly spectacular extravaganza, Moulin Rouge is hard to categorize; it is, at different times, a love story, a costume drama, a musical, and a comedy. Director Baz Luhrmann (well-known for the very hip William Shakespeare's Romeo + Juliet) has taken some simple themes - love, jealousy and obsession - and done something completely new and different with them by setting them to music. </body> 
    <rating>5</rating> 
</review>